{
  "Delete Request" : {
    "transaction" : "Delete Request",
    "sampleCount" : 140,
    "errorCount" : 0,
    "errorPct" : 0.0,
    "meanResTime" : 466.74999999999994,
    "medianResTime" : 410.5,
    "minResTime" : 383.0,
    "maxResTime" : 1414.0,
    "pct1ResTime" : 594.0000000000002,
    "pct2ResTime" : 672.0,
    "pct3ResTime" : 1408.67,
    "throughput" : 49.69826056088037,
    "receivedKBytesPerSec" : 38.9252196485623,
    "sentKBytesPerSec" : 12.517818712282569
  },
  "Get Request" : {
    "transaction" : "Get Request",
    "sampleCount" : 140,
    "errorCount" : 0,
    "errorPct" : 0.0,
    "meanResTime" : 61.87857142857144,
    "medianResTime" : 27.0,
    "minResTime" : 14.0,
    "maxResTime" : 990.0,
    "pct1ResTime" : 231.50000000000014,
    "pct2ResTime" : 270.9999999999998,
    "pct3ResTime" : 768.6000000000018,
    "throughput" : 100.43041606886658,
    "receivedKBytesPerSec" : 186.14934540889527,
    "sentKBytesPerSec" : 16.574941714490677
  },
  "Post Request" : {
    "transaction" : "Post Request",
    "sampleCount" : 140,
    "errorCount" : 0,
    "errorPct" : 0.0,
    "meanResTime" : 10810.414285714283,
    "medianResTime" : 11284.0,
    "minResTime" : 4501.0,
    "maxResTime" : 15472.0,
    "pct1ResTime" : 14966.6,
    "pct2ResTime" : 15221.699999999999,
    "pct3ResTime" : 15446.17,
    "throughput" : 8.859638020503734,
    "receivedKBytesPerSec" : 7.814292197981269,
    "sentKBytesPerSec" : 2.984936637767371
  },
  "Put Request" : {
    "transaction" : "Put Request",
    "sampleCount" : 140,
    "errorCount" : 0,
    "errorPct" : 0.0,
    "meanResTime" : 485.3357142857142,
    "medianResTime" : 413.5,
    "minResTime" : 383.0,
    "maxResTime" : 1507.0,
    "pct1ResTime" : 627.9,
    "pct2ResTime" : 724.4499999999998,
    "pct3ResTime" : 1468.4600000000003,
    "throughput" : 49.46996466431095,
    "receivedKBytesPerSec" : 42.65404151943463,
    "sentKBytesPerSec" : 13.861321223498233
  },
  "Total" : {
    "transaction" : "Total",
    "sampleCount" : 700,
    "errorCount" : 0,
    "errorPct" : 0.0,
    "meanResTime" : 2374.0471428571414,
    "medianResTime" : 398.0,
    "minResTime" : 13.0,
    "maxResTime" : 15472.0,
    "pct1ResTime" : 11333.599999999997,
    "pct2ResTime" : 13676.099999999997,
    "pct3ResTime" : 15222.74,
    "throughput" : 38.1512971441029,
    "receivedKBytesPerSec" : 47.5708034424733,
    "sentKBytesPerSec" : 9.141727810933073
  },
  "AfterupdateGet Request" : {
    "transaction" : "AfterupdateGet Request",
    "sampleCount" : 140,
    "errorCount" : 0,
    "errorPct" : 0.0,
    "meanResTime" : 45.85714285714283,
    "medianResTime" : 21.0,
    "minResTime" : 13.0,
    "maxResTime" : 507.0,
    "pct1ResTime" : 79.0,
    "pct2ResTime" : 226.19999999999982,
    "pct3ResTime" : 491.83000000000015,
    "throughput" : 57.16619028174765,
    "receivedKBytesPerSec" : 105.95842690894243,
    "sentKBytesPerSec" : 9.378828093099225
  }
}