{
  "Delete Request" : {
    "transaction" : "Delete Request",
    "sampleCount" : 160,
    "errorCount" : 0,
    "errorPct" : 0.0,
    "meanResTime" : 472.50625,
    "medianResTime" : 475.0,
    "minResTime" : 383.0,
    "maxResTime" : 742.0,
    "pct1ResTime" : 601.8,
    "pct2ResTime" : 677.6499999999994,
    "pct3ResTime" : 740.78,
    "throughput" : 28.802880288028803,
    "receivedKBytesPerSec" : 22.55077070207021,
    "sentKBytesPerSec" : 7.242208595859586
  },
  "Get Request" : {
    "transaction" : "Get Request",
    "sampleCount" : 160,
    "errorCount" : 0,
    "errorPct" : 0.0,
    "meanResTime" : 118.58125000000001,
    "medianResTime" : 22.0,
    "minResTime" : 12.0,
    "maxResTime" : 1779.0,
    "pct1ResTime" : 329.5,
    "pct2ResTime" : 671.4999999999994,
    "pct3ResTime" : 1675.9099999999976,
    "throughput" : 31.67062549485352,
    "receivedKBytesPerSec" : 58.70199920823437,
    "sentKBytesPerSec" : 5.195961995249407
  },
  "Post Request" : {
    "transaction" : "Post Request",
    "sampleCount" : 160,
    "errorCount" : 22,
    "errorPct" : 13.75,
    "meanResTime" : 11604.581249999997,
    "medianResTime" : 12744.0,
    "minResTime" : 2266.0,
    "maxResTime" : 17402.0,
    "pct1ResTime" : 16551.9,
    "pct2ResTime" : 17229.3,
    "pct3ResTime" : 17383.7,
    "throughput" : 8.690456792135135,
    "receivedKBytesPerSec" : 10.323312150344902,
    "sentKBytesPerSec" : 2.5253457511813586
  },
  "Put Request" : {
    "transaction" : "Put Request",
    "sampleCount" : 160,
    "errorCount" : 0,
    "errorPct" : 0.0,
    "meanResTime" : 474.9374999999999,
    "medianResTime" : 474.0,
    "minResTime" : 384.0,
    "maxResTime" : 912.0,
    "pct1ResTime" : 639.4000000000002,
    "pct2ResTime" : 703.95,
    "pct3ResTime" : 907.7299999999999,
    "throughput" : 29.390154298310065,
    "receivedKBytesPerSec" : 25.337527553269656,
    "sentKBytesPerSec" : 8.222211379500367
  },
  "Total" : {
    "transaction" : "Total",
    "sampleCount" : 800,
    "errorCount" : 22,
    "errorPct" : 2.75,
    "meanResTime" : 2542.358750000002,
    "medianResTime" : 400.0,
    "minResTime" : 12.0,
    "maxResTime" : 17402.0,
    "pct1ResTime" : 12770.399999999998,
    "pct2ResTime" : 15071.099999999999,
    "pct3ResTime" : 17233.86,
    "throughput" : 41.099409195992806,
    "receivedKBytesPerSec" : 53.757746275366046,
    "sentKBytesPerSec" : 9.452161732596968
  },
  "AfterupdateGet Request" : {
    "transaction" : "AfterupdateGet Request",
    "sampleCount" : 160,
    "errorCount" : 0,
    "errorPct" : 0.0,
    "meanResTime" : 41.187499999999986,
    "medianResTime" : 18.0,
    "minResTime" : 12.0,
    "maxResTime" : 436.0,
    "pct1ResTime" : 77.80000000000001,
    "pct2ResTime" : 227.0,
    "pct3ResTime" : 359.1399999999983,
    "throughput" : 30.721966205837173,
    "receivedKBytesPerSec" : 56.943644393241165,
    "sentKBytesPerSec" : 5.040322580645161
  }
}