{
  "Delete Request" : {
    "transaction" : "Delete Request",
    "sampleCount" : 150,
    "errorCount" : 0,
    "errorPct" : 0.0,
    "meanResTime" : 474.44666666666666,
    "medianResTime" : 414.5,
    "minResTime" : 386.0,
    "maxResTime" : 1479.0,
    "pct1ResTime" : 595.4000000000004,
    "pct2ResTime" : 669.1999999999996,
    "pct3ResTime" : 1450.4400000000005,
    "throughput" : 47.18464926077383,
    "receivedKBytesPerSec" : 36.864236001887384,
    "sentKBytesPerSec" : 11.87756812283737
  },
  "Get Request" : {
    "transaction" : "Get Request",
    "sampleCount" : 150,
    "errorCount" : 0,
    "errorPct" : 0.0,
    "meanResTime" : 131.67999999999998,
    "medianResTime" : 25.0,
    "minResTime" : 14.0,
    "maxResTime" : 2220.0,
    "pct1ResTime" : 295.5000000000001,
    "pct2ResTime" : 589.3999999999994,
    "pct3ResTime" : 2100.1500000000024,
    "throughput" : 53.93743257820928,
    "receivedKBytesPerSec" : 99.92120078209277,
    "sentKBytesPerSec" : 8.849110032362459
  },
  "Post Request" : {
    "transaction" : "Post Request",
    "sampleCount" : 150,
    "errorCount" : 4,
    "errorPct" : 2.6666667,
    "meanResTime" : 10975.253333333336,
    "medianResTime" : 11554.0,
    "minResTime" : 4105.0,
    "maxResTime" : 16112.0,
    "pct1ResTime" : 15005.6,
    "pct2ResTime" : 15365.75,
    "pct3ResTime" : 16082.93,
    "throughput" : 8.538737405362326,
    "receivedKBytesPerSec" : 7.962650584191951,
    "sentKBytesPerSec" : 2.8001054889850288
  },
  "Put Request" : {
    "transaction" : "Put Request",
    "sampleCount" : 150,
    "errorCount" : 0,
    "errorPct" : 0.0,
    "meanResTime" : 498.1866666666666,
    "medianResTime" : 419.5,
    "minResTime" : 384.0,
    "maxResTime" : 1508.0,
    "pct1ResTime" : 690.7,
    "pct2ResTime" : 839.4999999999992,
    "pct3ResTime" : 1497.8000000000002,
    "throughput" : 48.12319538017324,
    "receivedKBytesPerSec" : 41.356497633942894,
    "sentKBytesPerSec" : 13.476687820821303
  },
  "Total" : {
    "transaction" : "Total",
    "sampleCount" : 750,
    "errorCount" : 4,
    "errorPct" : 0.53333336,
    "meanResTime" : 2426.9533333333334,
    "medianResTime" : 401.0,
    "minResTime" : 12.0,
    "maxResTime" : 16112.0,
    "pct1ResTime" : 11568.4,
    "pct2ResTime" : 14019.549999999997,
    "pct3ResTime" : 15366.35,
    "throughput" : 38.90646884888727,
    "receivedKBytesPerSec" : 48.85310011607096,
    "sentKBytesPerSec" : 9.242819324843076
  },
  "AfterupdateGet Request" : {
    "transaction" : "AfterupdateGet Request",
    "sampleCount" : 150,
    "errorCount" : 0,
    "errorPct" : 0.0,
    "meanResTime" : 55.199999999999974,
    "medianResTime" : 27.0,
    "minResTime" : 12.0,
    "maxResTime" : 449.0,
    "pct1ResTime" : 154.5000000000002,
    "pct2ResTime" : 248.45,
    "pct3ResTime" : 398.5100000000009,
    "throughput" : 55.2689756816507,
    "receivedKBytesPerSec" : 102.38793639462048,
    "sentKBytesPerSec" : 9.067566322770817
  }
}